{
  "$schema": "https://raw.githubusercontent.com/JanDeDobbeleer/oh-my-posh/main/themes/schema.json",
  "blocks": [
    {
      "alignment": "right",
      "segments": [
        {
          "background": "#424242",
          "foreground": "#3EC669",
          "leading_diamond": "\ue0b6",
          "properties": {
            "style": "folder"
          },
          "style": "diamond",
          "template": "\ue5ff {{ .Path }}",
          "trailing_diamond": "\ue0b4",
          "type": "path"
        },
        {
          "background": "#424242",
          "foreground": "#43CCEA",
          "leading_diamond": " \ue0b6",
          "properties": {
            "branch_icon": ""
          },
          "style": "diamond",
          "template": "{{ .HEAD }}",
          "trailing_diamond": "\ue0b4",
          "type": "git"
        },
        {
          "background": "#424242",
          "foreground": "#E4F34A",
          "leading_diamond": " \ue0b6",
          "properties": {
            "fetch_version": false
          },
          "style": "diamond",
          "template": "\ue235{{ if .Error }}{{ .Error }}{{ else }}{{ if .Venv }}{{ .Venv }} {{ end }}{{ .Full }}{{ end }}",
          "trailing_diamond": "\ue0b4",
          "type": "python"
        },
        {
          "background": "#424242",
          "foreground": "#7FD5EA",
          "leading_diamond": " \ue0b6",
          "properties": {
            "fetch_version": false
          },
          "style": "diamond",
          "template": "\ufcd1{{ if .Error }}{{ .Error }}{{ else }}{{ .Full }}{{ end }}",
          "trailing_diamond": "\ue0b4",
          "type": "go"
        },
        {
          "background": "#424242",
          "foreground": "#42E66C",
          "leading_diamond": " \ue0b6",
          "properties": {
            "fetch_version": false
          },
          "style": "diamond",
          "template": "\ue718{{ if .PackageManagerIcon }}{{ .PackageManagerIcon }} {{ end }}{{ .Full }}",
          "trailing_diamond": "\ue0b4",
          "type": "node"
        },
        {
          "background": "#424242",
          "foreground": "#E64747",
          "leading_diamond": " \ue0b6",
          "properties": {
            "fetch_version": false
          },
          "style": "diamond",
          "template": "\ue791{{ if .Error }}{{ .Error }}{{ else }}{{ .Full }}{{ end }}",
          "trailing_diamond": "\ue0b4",
          "type": "ruby"
        },
        {
          "background": "#424242",
          "foreground": "#E64747",
          "leading_diamond": " \ue0b6",
          "properties": {
            "fetch_version": false
          },
          "style": "diamond",
          "template": "\ue738{{ if .Error }}{{ .Error }}{{ else }}{{ .Full }}{{ end }}",
          "trailing_diamond": "\ue0b4",
          "type": "java"
        },
        {
          "background": "#424242",
          "foreground": "#9B6BDF",
          "leading_diamond": " \ue0b6",
          "properties": {
            "fetch_version": false
          },
          "style": "diamond",
          "template": "\ue624{{ if .Error }}{{ .Error }}{{ else }}{{ .Full }}{{ end }}",
          "trailing_diamond": "\ue0b4",
          "type": "julia"
        },
        {
          "background": "#424242",
          "foreground": "#9B6BDF",
          "foreground_templates": [
            "{{if eq \"Charging\" .State.String}}#40c4ff{{end}}",
            "{{if eq \"Discharging\" .State.String}}#ff5722{{end}}",
            "{{if eq \"Full\" .State.String}}#4caf50{{end}}"
          ],
          "leading_diamond": " \ue0b6",
          "properties": {
            "charged_icon": "\u25cf ",
            "charging_icon": "\u21e1 ",
            "discharging_icon": "\u21e3 "
          },
          "style": "diamond",
          "template": "{{ if not .Error }}{{ .Icon }}{{ .Percentage }}{{ end }}{{ .Error }}",
          "trailing_diamond": "\ue0b4",
          "type": "battery"
        }
      ],
      "type": "rprompt"
    },
    {
      "alignment": "left",
      "segments": [
        {
          "background": "#424242",
          "foreground": "#9B6BDF",
          "leading_diamond": "\ue0b6",
          "style": "diamond",
          "template": "{{ .UserName }} \u276f",
          "trailing_diamond": "\ue0b4 ",
          "type": "session"
        }
      ],
      "type": "prompt"
    }
  ],
  "version": 2
}
