{
  "$schema": "https://raw.githubusercontent.com/JanDeDobbeleer/oh-my-posh/main/themes/schema.json",
  "blocks": [
    {
      "alignment": "right",
      "segments": [
        {
          "foreground": "#007acc",
          "style": "plain",
          "template": "{{ .Name }}",
          "type": "shell"
        },
        {
          "foreground": "#ff8080",
          "style": "plain",
          "template": " <#757575,>as</> root",
          "type": "root"
        },
        {
          "foreground": "#689f38",
          "properties": {
            "time_format": "15:04:05"
          },
          "style": "plain",
          "template": " <#757575,>|</> {{ .CurrentDate | date .Format }}",
          "type": "time"
        }
      ],
      "type": "prompt"
    },
    {
      "alignment": "left",
      "newline": true,
      "segments": [
        {
          "foreground": "#757575",
          "style": "plain",
          "template": "\u250c {{ .UserName }}@{{ .HostName }} ",
          "type": "session"
        },
        {
          "background": "#91ddff",
          "foreground": "#100e23",
          "powerline_symbol": "\ue0b0",
          "properties": {
            "style": "folder"
          },
          "style": "powerline",
          "template": " {{ .Path }} ",
          "type": "path"
        },
        {
          "background": "#95ffa4",
          "background_templates": [
            "{{ if or (.Working.Changed) (.Staging.Changed) }}#ff9248{{ end }}",
            "{{ if and (gt .Ahead 0) (gt .Behind 0) }}#f26d50{{ end }}",
            "{{ if gt .Ahead 0 }}#89d1dc{{ end }}",
            "{{ if gt .Behind 0 }}#c5b6ad{{ end }}"
          ],
          "foreground": "#100e23",
          "powerline_symbol": "\ue0b0",
          "properties": {
            "branch_ahead_icon": "\u2191",
            "branch_behind_icon": "\u2193",
            "branch_gone": "\u2262",
            "branch_icon": "\ue0a0 ",
            "branch_identical_icon": "\u2261",
            "cherry_pick_icon": "\u2713 ",
            "commit_icon": "\u25b7 ",
            "fetch_stash_count": true,
            "fetch_status": true,
            "merge_icon": "\u25f4 ",
            "no_commits_icon": "[no commits]",
            "rebase_icon": "\u2c62 ",
            "tag_icon": "\u25b6 "
          },
          "style": "powerline",
          "template": " {{ .HEAD }}{{ .BranchStatus }}{{ if .Working.Changed }} {{ .Working.String }}{{ end }}{{ if and (.Working.Changed) (.Staging.Changed) }} \u2502{{ end }}{{ if .Staging.Changed }} {{ .Staging.String }}{{ end }}{{ if gt .StashCount 0 }} {{ .StashCount }}{{ end }} ",
          "type": "git"
        },
        {
          "background": "#ffee58",
          "foreground": "#100e23",
          "powerline_symbol": "\ue0b0",
          "style": "powerline",
          "template": " {{ .WorkspaceName }} ",
          "type": "terraform"
        },
        {
          "background": "#ff8080",
          "foreground": "#ffffff",
          "powerline_symbol": "\ue0b0",
          "style": "powerline",
          "template": " error ",
          "type": "exit"
        }
      ],
      "type": "prompt"
    },
    {
      "alignment": "left",
      "newline": true,
      "segments": [
        {
          "foreground": "#757575",
          "style": "plain",
          "template": "\u2514 ",
          "type": "text"
        },
        {
          "foreground": "#ffffff",
          "style": "plain",
          "template": "$",
          "type": "text"
        }
      ],
      "type": "prompt"
    }
  ],
  "final_space": true,
  "version": 2
}
